PropertyBritish,Word,DominantModality,VisualStrengthMean,HapticStrengthMean,AuditoryStrengthMean,GustatoryStrengthMean,OlfactoryStrengthMean,ModalityExclusivity,Classes3,Uncertainty3,Classes,Uncertainty,Class,Color,Image
abrasive,abrasive,Haptic,2.894736842,3.684210526,1.684210526,0.578947368,0.578947368,0.329608939,1,0.07714372771630207,12,0.4454421691715108,gross surface,#f79038,s2
absorbent,absorbent,Visual,4.142857143,3.142857143,0.714285714,0.476190476,0.476190476,0.409574468,1,0.07668931154170622,12,0.16541929027347502,gross surface,#f79038,s2
aching,aching,Haptic,2.047619048,3.666666667,0.666666667,0.047619048,0.095238095,0.554744526,1,0.07192820453753845,1,0.046865180806554885,motion & touch,#f37058,s1
acidic,acidic,Gustatory,2.19047619,1.142857143,0.476190476,4.19047619,2.904761905,0.340611354,2,0,3,0.44960842949201274,chemical senses,#425fac,s4
acrid,acrid,Olfactory,1.125,0.625,0.375,3,3.5,0.362318841,2,0,3,4.298975961902762e-5,chemical senses,#425fac,s4
adhesive,adhesive,Haptic,3.666666667,4.333333333,1.19047619,0.904761905,1.761904762,0.289156627,2,0.0758501114304635,5,5.17241682457481e-4,multimodal,#f37058,s1
alcoholic,alcoholic,Gustatory,2.85,0.35,0.75,4.35,4.3,0.317460317,2,0,6,0.001730195790320077,taste,#425fac,s4
alive,alive,Visual,4.571428571,3.80952381,4.095238095,1.571428571,2.380952381,0.182608696,1,0.3559522494992482,5,1.9793507621823636e-7,multimodal,#f37058,s1
amber,amber,Visual,4.476190476,0.523809524,0.142857143,0.571428571,0.857142857,0.65942029,2,0.313660300251694,7,0.013659071734546613,impression-related,#f37058,s1
angular,angular,Visual,4.285714286,4.095238095,0.25,0.047619048,0.047619048,0.485675307,1,0.07000098247625985,9,0.010031352746384226,shape & extent,#f37058,s1
antiseptic,antiseptic,Olfactory,1.666666667,0.9,0.142857143,1.761904762,3.952380952,0.4522329,2,0,3,6.74964667080391e-4,chemical senses,#425fac,s4
aromatic,aromatic,Olfactory,1.3,0.333333333,0.285714286,3.380952381,4.523809524,0.431410567,2,0,3,0.02256980031320155,chemical senses,#425fac,s4
astringent,astringent,Gustatory,1.625,0.5,0.375,1.75,1.25,0.25,2,5.252174695158374e-9,3,0.005215523373182651,chemical senses,#425fac,s4
audible,audible,Auditory,1.142857143,0.285714286,4.952380952,0.047619048,0.047619048,0.757352941,3,7.670121093816817e-9,10,0.002099571862102634,sound 1,#efbe1b,s3
banging,banging,Auditory,3.047619048,1.333333333,4.523809524,0,0.047619048,0.505319149,3,5.1441282137743016e-5,11,1.7615942059323597e-4,sound 2,#efbe1b,s3
barbecued,barbecued,Gustatory,4.619047619,1.380952381,1.571428571,4.952380952,4.666666667,0.207756233,2,0,6,0.12584069786013963,taste,#425fac,s4
barking,barking,Auditory,3.380952381,0.476190476,5,0.142857143,0.523809524,0.51,3,7.215832739104755e-6,11,0.003676516606139879,sound 2,#efbe1b,s3
beautiful,beautiful,Visual,4.619047619,2.761904762,2.904761905,2.80952381,2.80952381,0.116766467,2,7.525233913785456e-8,5,2.220446049250313e-16,multimodal,#f37058,s1
beeping,beeping,Auditory,1.428571429,0.142857143,4.857142857,0,0.047619048,0.75,3,1.3669738896382455e-8,10,0.001994977875777404,sound 1,#efbe1b,s3
beery,beery,Gustatory,3.157894737,0.894736842,0.631578947,4.263157895,3.526315789,0.291139241,2,0,6,0.006106213001402572,taste,#425fac,s4
beige,beige,Visual,4.476190476,0.095238095,0.095238095,0.047619048,0.095238095,0.920792079,1,0.07036449763181929,8,5.221339320383711e-4,pure sight,#f37058,s1
bent,bent,Visual,4.619047619,4.095238095,0,0.047619048,0,0.527173913,1,0.089916118809656,9,0.006318572236739595,shape & extent,#f37058,s1
big,big,Visual,4.857142857,4.380952381,1.714285714,0.857142857,0.428571429,0.361867704,1,0.0630288790164123,12,0.001427613914281034,gross surface,#f79038,s2
biscuity,biscuity,Gustatory,3.476190476,2.238095238,0.904761905,4.952380952,3,0.277777778,2,0,6,0.05231977227922091,taste,#425fac,s4
bitter,bitter,Gustatory,0.857142857,0.095238095,0.19047619,4.904761905,2.904761905,0.537234043,2,0,3,1.3203877705236788e-4,chemical senses,#425fac,s4
black,black,Visual,4.571428571,0.095238095,0.142857143,0.095238095,0.142857143,0.886792453,1,0.07245361409455908,8,3.081642972819765e-4,pure sight,#f37058,s1
bland,bland,Gustatory,2.095238095,0.428571429,0.80952381,4.80952381,3.619047619,0.372469636,2,0,6,0.0015739305004889292,taste,#425fac,s4
blaring,blaring,Auditory,1.3,0.45,4.5,0.2,0.2,0.646616541,3,1.2023927831172898e-7,11,0.0044070461920547865,sound 2,#efbe1b,s3
bleeping,bleeping,Auditory,1.666666667,0.19047619,4.952380952,0.095238095,0.142857143,0.689189189,3,2.577514757184929e-8,10,0.0018662750281058793,sound 1,#efbe1b,s3
blonde,blonde,Visual,4.80952381,0.047619048,0.19047619,0.047619048,0.142857143,0.909090909,1,0.06059596476626983,8,2.1826825660664628e-4,pure sight,#f37058,s1
bloody,bloody,Visual,4.714285714,1.857142857,0.7,1.285714286,1.142857143,0.413843888,2,0.060581947562314276,7,0.2890319962226048,impression-related,#f37058,s1
blotchy,blotchy,Visual,4.619047619,1.666666667,0.428571429,0.380952381,0.238095238,0.597402597,1,0.06490033190175037,8,0.1826096469162558,pure sight,#f37058,s1
blue,blue,Visual,4.761904762,0.238095238,0.761904762,0,0.19047619,0.8,1,0.05609427518068921,8,9.194705087742783e-4,pure sight,#f37058,s1
blunt,blunt,Haptic,4.571428571,4.714285714,0.904761905,0.25,0.19047619,0.425531915,1,0.0909922473900937,1,0.2739141315789628,motion & touch,#f37058,s1
boiling,boiling,Visual,4.428571429,4.047619048,2.761904762,2.095238095,1,0.239202658,1,0.26607538410009013,12,0.24596414293369484,gross surface,#f79038,s2
booming,booming,Auditory,2.095238095,0.952380952,4.571428571,0.095238095,0.095238095,0.573170732,3,8.584145542167576e-7,11,1.4888787609690368e-5,sound 2,#efbe1b,s3
bouncy,bouncy,Haptic,3.571428571,3.666666667,2,0,0,0.396907216,1,0.21398786418267968,1,0.05358531725215776,motion & touch,#f37058,s1
brackish,brackish,Haptic,2,3,1.5,1.5,2,0.15,2,4.604551373188492e-6,5,3.9477604431570334e-05,multimodal,#f37058,s1
branching,branching,Visual,4.1,2.45,1.2,0.05,0.1,0.512658228,1,0.0636357776983999,1,0.0015773032942308918,motion & touch,#f37058,s1
breakable,breakable,Visual,4.285714286,4.238095238,2.095238095,0.095238095,0.095238095,0.387665198,1,0.28404506207126856,1,0.13557427124600852,motion & touch,#f37058,s1
breezy,breezy,Visual,3,2.761904762,2.952380952,0.047619048,0.571428571,0.316326531,1,0.32043024984778845,7,0.04547027684626059,impression-related,#f37058,s1
bright,bright,Visual,5,0.19047619,0.142857143,0.047619048,0.095238095,0.904347826,1,0.05405017951100988,8,7.095035509926406e-4,pure sight,#f37058,s1
brilliant,brilliant,Visual,3.952380952,2.19047619,3,2.523809524,2.095238095,0.134948097,2,7.84514748760623e-5,5,1.452722031558551e-8,multimodal,#f37058,s1
briny,briny,Gustatory,2.153846154,1.538461538,0.846153846,3.230769231,2.153846154,0.240310078,2,0,5,9.382719126427297e-5,multimodal,#f37058,s1
bristly,bristly,Haptic,4.3,4.65,1.95,1.05,0.2,0.366255144,1,0.0551336894565968,12,8.162539550110592e-4,gross surface,#f79038,s2
brittle,brittle,Haptic,3.428571429,3.952380952,1.523809524,0.380952381,0.047619048,0.418367347,1,0.05887414551161552,1,0.15456986027825392,motion & touch,#f37058,s1
broad,broad,Visual,4.047619048,3.095238095,0.952380952,0.19047619,0.285714286,0.45,1,0.04906693798330608,1,0.020818344421653756,motion & touch,#f37058,s1
broken,broken,Visual,4.857142857,4.333333333,3.19047619,0.476190476,0.476190476,0.328571429,1,0.35540906481902856,12,0.003193620855841184,gross surface,#f79038,s2
bronze,bronze,Visual,4.333333333,0.80952381,0.142857143,0.285714286,0.619047619,0.676923077,1,0.2367192173794027,8,0.2869319733307425,pure sight,#f37058,s1
brown,brown,Visual,4.714285714,0.19047619,0.095238095,0.333333333,0.238095238,0.829059829,1,0.11125729831659115,8,2.1295537987775504e-4,pure sight,#f37058,s1
brunette,brunette,Visual,4.8,0,0.1,0,0,0.979591837,1,0.05504652437610014,8,1.5156277614214453e-4,pure sight,#f37058,s1
bulky,bulky,Visual,4.428571429,3.761904762,0.571428571,0.333333333,0.095238095,0.471502591,1,0.060865284673575104,9,0.15360222516347033,shape & extent,#f37058,s1
bumpy,bumpy,Haptic,4.095238095,4.476190476,1.238095238,0.65,0.047619048,0.421481985,1,0.05769029628225353,12,0.001763676474693554,gross surface,#f79038,s2
burning,burning,Olfactory,4.047619048,3.619047619,1.714285714,2.523809524,4.428571429,0.166180758,2,0,5,1.5543122344752192e-15,multimodal,#f37058,s1
burnt,burnt,Olfactory,4.19047619,2.380952381,0.476190476,4.047619048,4.571428571,0.261398176,2,0,6,0.22399313574357527,taste,#425fac,s4
bursting,bursting,Visual,4.238095238,3.238095238,2.761904762,1.19047619,1,0.260536398,1,0.07271566779355987,7,0.4975506764347113,impression-related,#f37058,s1
buttery,buttery,Gustatory,3.095238095,1.80952381,0.095238095,4.904761905,3.19047619,0.367272727,2,0,6,0.00544898316808029,taste,#425fac,s4
buzzing,buzzing,Auditory,1.80952381,1.714285714,4.714285714,0.142857143,0.047619048,0.553672316,3,1.1554188653617459e-6,11,3.213841737070844e-5,sound 2,#efbe1b,s3
caramelised,caramelized,Gustatory,3.523809524,1.428571429,0.285714286,4.380952381,3.904761905,0.302816901,2,0,6,0.003130905288884156,taste,#425fac,s4
charred,charred,Visual,3.684210526,1.684210526,0.157894737,2.421052632,3.315789474,0.313084112,2,0,5,5.618566779251877e-4,multimodal,#f37058,s1
cheesy,cheesy,Gustatory,3.047619048,0.476190476,0.666666667,4.714285714,4.19047619,0.323636364,2,0,6,7.199232993966298e-4,taste,#425fac,s4
chequered,checkered,Visual,4.473684211,0.263157895,0.105263158,0,0,0.923913043,1,0.05881272436856144,8,4.2640105348434876e-4,pure sight,#f37058,s1
chewy,chewy,Gustatory,2.571428571,2.047619048,1.333333333,4.476190476,0.619047619,0.349137931,2,4.618527782440651e-13,5,2.5815029348619234e-5,multimodal,#f37058,s1
chilly,chilly,Haptic,2.952380952,4.19047619,0.666666667,1.285714286,0.571428571,0.374384236,2,0.29096821043431165,2,0.06365941947148268,skin & temperature,#f79038,s2
chocolatey,chocolatey,Gustatory,4.19047619,1,0.333333333,4.952380952,4.523809524,0.307936508,2,0,6,0.0014584927178005191,taste,#425fac,s4
chubby,chubby,Visual,4.952380952,4.095238095,0.428571429,0.19047619,0.571428571,0.465116279,1,0.09598888792308202,12,0.17500916505039332,gross surface,#f79038,s2
circular,circular,Visual,4.761904762,3.857142857,0.142857143,0.095238095,0,0.537634409,1,0.08627330198325589,9,0.004049981964216021,shape & extent,#f37058,s1
citrusy,citrusy,Gustatory,2.571428571,0.571428571,0.047619048,5,3.952380952,0.407843137,2,0,6,0.46484244559194954,taste,#425fac,s4
clammy,clammy,Haptic,2.75,4.35,0.4,0.6,1.45,0.413612565,2,0.03800686970865608,2,0.056647751914446376,skin & temperature,#f79038,s2
clamorous,clamorous,Haptic,2.25,2.875,2.375,0.125,0.875,0.323529412,1,0.15861363013255436,7,0.0562576936953042,impression-related,#f37058,s1
clean,clean,Visual,4.619047619,3.333333333,0.571428571,1.80952381,3.80952381,0.286195286,2,1.3322676295501878e-15,5,2.333688797762079e-13,multimodal,#f37058,s1
clear,clear,Visual,4.523809524,1.238095238,2.523809524,0.571428571,1.047619048,0.399038462,1,0.08241099981672273,7,0.005723315642904403,impression-related,#f37058,s1
cloudy,cloudy,Visual,4.714285714,0.285714286,0.142857143,0.333333333,0.142857143,0.813559322,1,0.08663440205211459,8,2.992663829740616e-4,pure sight,#f37058,s1
cloying,cloying,Gustatory,1.666666667,1.75,0.333333333,3.333333333,2.333333333,0.318584071,2,0,3,0.12618057240743086,chemical senses,#425fac,s4
coconutty,coconutty,Gustatory,3.619047619,1.523809524,0.19047619,4.666666667,3.619047619,0.328671329,2,0,6,0.0021912764778392324,taste,#425fac,s4
cold,cold,Haptic,2.857142857,4.666666667,0.761904762,2.380952381,0.952380952,0.336065574,2,6.9486480795522e-5,2,0.0649914353926202,skin & temperature,#f79038,s2
colossal,colossal,Visual,4.875,2.294117647,1.6875,0.3125,0.5625,0.468832641,1,0.05164870865455351,7,0.027168353012984148,impression-related,#f37058,s1
colourful,colorful,Visual,4.80952381,0.238095238,0.19047619,0.333333333,0.428571429,0.76984127,1,0.13588099675754095,8,6.733115424789604e-4,pure sight,#f37058,s1
compact,compact,Visual,4.761904762,2.904761905,0.476190476,0.285714286,0.19047619,0.53038674,1,0.05816532548017994,9,0.25813366018370254,shape & extent,#f37058,s1
conical,conical,Visual,4.692307692,4.076923077,0.153846154,0.076923077,0,0.521367521,1,0.09102610183127402,9,0.003992061573096284,shape & extent,#f37058,s1
contoured,contoured,Visual,4.15,3.6,0.35,0.05,0.1,0.496969697,1,0.05638081288189345,9,0.0318488587164546,shape & extent,#f37058,s1
cooing,cooing,Auditory,2.157894737,0.105263158,4.842105263,0,0,0.68148148099999994,3,7.989262817975629e-8,10,0.004913483126023244,sound 1,#efbe1b,s3
cool,cool,Haptic,2.428571429,4.333333333,0.380952381,1.857142857,0.285714286,0.435897436,2,0.0199078664870328,2,0.0015912096773131879,skin & temperature,#f79038,s2
crackling,crackling,Auditory,2.80952381,1.380952381,4.285714286,1.333333333,0.904761905,0.315555556,3,0.27947813810623034,7,0.005489640331132417,impression-related,#f37058,s1
craggy,craggy,Visual,3.466666667,2.666666667,1,0.133333333,0.133333333,0.45045045,1,0.05374676984889026,1,7.014606912579824e-4,motion & touch,#f37058,s1
crashing,crashing,Visual,4.619047619,1.238095238,4.571428571,0.142857143,0.523809524,0.403433476,3,0.019705768075366836,11,0.030096289370198925,sound 2,#efbe1b,s3
creaking,creaking,Auditory,2.047619048,1.142857143,4.476190476,0,0,0.583850932,3,1.1770870556038204e-6,11,1.0196366292514192e-5,sound 2,#efbe1b,s3
creamy,creamy,Gustatory,3.80952381,2.761904762,0.19047619,4.476190476,2.380952381,0.314685315,2,0,5,0.3298316143929918,multimodal,#f37058,s1
creased,creased,Visual,4.7,3.65,0.15,0.15,0.15,0.517045455,1,0.07475188735693195,9,0.01889235791818411,shape & extent,#f37058,s1
crimson,crimson,Visual,4.428571429,0.285714286,0.19047619,0.047619048,0.095238095,0.867924528,1,0.0652408962796227,8,8.720773306998275e-4,pure sight,#f37058,s1
crinkled,crinkled,Visual,4.619047619,4.619047619,2.714285714,0.904761905,0.238095238,0.334545455,1,0.1190434122841143,12,7.156156447348794e-4,gross surface,#f79038,s2
crisp,crisp,Haptic,3.095238095,3.380952381,2.047619048,2.666666667,1.142857143,0.181467181,2,3.638814822498615e-4,5,5.989510509082363e-4,multimodal,#f37058,s1
crooked,crooked,Visual,4.476190476,3.571428571,0.619047619,0.19047619,0.142857143,0.481481481,1,0.05963427095652263,9,0.10713471479010639,shape & extent,#f37058,s1
crowded,crowded,Visual,4.619047619,2.285714286,3.714285714,0,0.761904762,0.405857741,2,0.40439939200644615,7,0.0037024031590223716,impression-related,#f37058,s1
crunching,crunching,Auditory,2.142857143,2.142857143,3.714285714,3.047619048,0.428571429,0.286307054,2,0.015007165486234597,5,5.392846755825076e-7,multimodal,#f37058,s1
crying,crying,Auditory,4.428571429,1.238095238,4.476190476,0.142857143,0.047619048,0.428571429,3,0.014692294244394444,11,0.0020604499288080502,sound 2,#efbe1b,s3
curly,curly,Visual,4.761904762,3.857142857,0,0.285714286,0,0.534759358,1,0.08870186209102549,9,0.022054587615806587,shape & extent,#f37058,s1
curved,curved,Visual,4.5,3.95,0.1,0.105263158,0,0.519914868,1,0.07643742323119729,9,0.005367310172525563,shape & extent,#f37058,s1
cute,cute,Visual,4.761904762,1.666666667,3.142857143,0.380952381,0.80952381,0.407079646,1,0.12891046493767233,7,0.001783444253668054,impression-related,#f37058,s1
damp,damp,Haptic,3.80952381,4.142857143,0.380952381,0.380952381,3.142857143,0.317269076,2,2.3088928390313512e-6,5,1.6650912315618882e-7,multimodal,#f37058,s1
dank,dank,Visual,3.466666667,1.176470588,0.866666667,0.733333333,2.8,0.302254987,2,4.2699183944172603e-7,5,5.008040060427987e-8,multimodal,#f37058,s1
dappled,dappled,Visual,4,1.857142857,0.571428571,0.214285714,0.285714286,0.546391753,1,0.06345092568579436,1,0.021681705732076617,motion & touch,#f37058,s1
dark,dark,Visual,4.428571429,0.19047619,0.714285714,0.523809524,0.19047619,0.700787402,1,0.09901950015922911,8,0.010641362444998359,pure sight,#f37058,s1
dazzling,dazzling,Visual,4.904761905,0.380952381,0.619047619,0.095238095,0.238095238,0.770992366,1,0.05339034361756956,8,8.280894827856766e-4,pure sight,#f37058,s1
dead,dead,Visual,4.095238095,2.428571429,1.380952381,0.238095238,2.333333333,0.368181818,2,0.09596830682115665,5,1.5404836537946665e-5,multimodal,#f37058,s1
deafening,deafening,Auditory,1.238095238,0.19047619,5,0.047619048,0,0.772058824,3,6.698411159078432e-9,10,0.0015830310507775058,sound 1,#efbe1b,s3
deep,deep,Visual,4.428571429,3.619047619,2.095238095,0.285714286,0.380952381,0.383259912,1,0.09223331794037559,12,0.3110073230532916,gross surface,#f79038,s2
delicious,delicious,Gustatory,3.380952381,1.333333333,1.333333333,4.714285714,4.19047619,0.22611465,2,0,6,0.006734860730606584,taste,#425fac,s4
dim,dim,Visual,4.333333333,0.095238095,0.80952381,0.25,0.19047619,0.746331237,1,0.07809167826252095,8,0.009918225987455176,pure sight,#f37058,s1
dirty,dirty,Visual,4.80952381,2.714285714,0.476190476,1.285714286,3.523809524,0.338289963,2,1.678457373088804e-11,5,1.4908074774666602e-12,multimodal,#f37058,s1
downy,downy,Visual,3.333333333,2.75,0.133333333,0.133333333,0,0.524934383,1,0.06041461658104019,1,0.006503554002216028,motion & touch,#f37058,s1
drab,drab,Visual,4.105263158,1.105263158,1.263157895,1.368421053,0.736842105,0.392638037,2,0.29422388798694665,7,0.16482940041501082,impression-related,#f37058,s1
dry,dry,Haptic,3.571428571,4.285714286,0.333333333,2.523809524,0.428571429,0.354700855,2,5.767854339179257e-4,2,0.18693278564496352,skin & temperature,#f79038,s2
dull,dull,Visual,4.285714286,0.571428571,2.333333333,1.238095238,1.19047619,0.386138614,2,0.4612819338034061,7,0.08228449860591269,impression-related,#f37058,s1
dusty,dusty,Visual,4.285714286,3.380952381,0.05,0.380952381,1.19047619,0.456036914,2,0.35919442958618697,5,0.5258902111901218,multimodal,#f37058,s1
earthy,earthy,Visual,3.952380952,3.428571429,1.047619048,2,3.095238095,0.214788732,2,1.1963763313360687e-11,5,2.1372703606914456e-10,multimodal,#f37058,s1
echoing,echoing,Auditory,0.523809524,0.333333333,4.714285714,0,0,0.846153846,3,4.289311128502504e-9,10,0.05749633043627611,sound 1,#efbe1b,s3
eggy,eggy,Gustatory,2.857142857,1.047619048,0.142857143,4.380952381,4.333333333,0.332089552,2,0,6,0.07931404240042261,taste,#425fac,s4
elastic,elastic,Haptic,3.80952381,4.571428571,1.952380952,0.619047619,0.666666667,0.340163934,1,0.04938648398717005,12,0.0047128756998549015,gross surface,#f79038,s2
elegant,elegant,Visual,4.761904762,1.523809524,1.857142857,0.666666667,1.095238095,0.413461538,1,0.10229156120271898,7,0.01497510753730591,impression-related,#f37058,s1
empty,empty,Visual,4.75,3.6,1.65,0.25,0.15,0.442307692,1,0.1139950894186178,1,0.04275903225494415,motion & touch,#f37058,s1
enormous,enormous,Visual,4.761904762,3.857142857,1.19047619,0.095238095,0.333333333,0.455813953,1,0.0815926930177523,1,0.3424241816464132,motion & touch,#f37058,s1
faint,faint,Visual,2.761904762,0.619047619,2.333333333,1.428571429,1.857142857,0.238095238,2,2.233383063809935e-4,5,0.008705455829167597,multimodal,#f37058,s1
falling,falling,Visual,4.857142857,1.80952381,3,0.19047619,0.19047619,0.464454976,2,0.45331319854075136,1,0.014725736347321106,motion & touch,#f37058,s1
fat,fat,Visual,4.619047619,3.761904762,0.380952381,1.55,0.952380952,0.376241809,2,0.0323818486518519,2,0.37440035176854414,skin & temperature,#f79038,s2
fatty,fatty,Gustatory,3.666666667,1.857142857,0.333333333,4.380952381,1.714285714,0.338645418,2,0,5,0.12425855930327323,multimodal,#f37058,s1
feverish,feverish,Haptic,2.857142857,3.19047619,0.666666667,0.238095238,0.285714286,0.407894737,1,0.07763908565704047,1,0.0070589049389832015,motion & touch,#f37058,s1
filthy,filthy,Visual,4.857142857,2,0.380952381,0.238095238,2.428571429,0.466346154,2,0.003539122075665535,5,5.5754121195406015e-6,multimodal,#f37058,s1
fishy,fishy,Olfactory,3.380952381,0.952380952,0.285714286,4.476190476,4.571428571,0.31358885,2,0,6,0.006433466399176191,taste,#425fac,s4
flaky,flaky,Haptic,3.761904762,3.952380952,1.19047619,1.714285714,0.333333333,0.330434783,1,0.3634409775837283,12,0.009394627999896765,gross surface,#f79038,s2
flat,flat,Visual,4.523809524,4.142857143,0.857142857,0.523809524,0.047619048,0.443396226,1,0.06631328517177171,12,0.03169048611675307,gross surface,#f79038,s2
flavoursome,flavorsome,Gustatory,1.904761905,0.428571429,0.19047619,4.857142857,4.238095238,0.401639344,2,0,3,0.044684769249587086,chemical senses,#425fac,s4
fleshy,fleshy,Visual,4.285714286,3.571428571,0.095238095,2.15,0.904761905,0.38070517,2,1.3675701244364458e-4,2,0.6086837671247519,skin & temperature,#f79038,s2
flickering,flickering,Visual,4.761904762,0.571428571,1.285714286,0.095238095,0.095238095,0.685314685,1,0.07112522826001721,8,0.22446113181147187,pure sight,#f37058,s1
floppy,floppy,Visual,4.238095238,4.19047619,0.142857143,0.238095238,0.142857143,0.457446809,1,0.07514137300339097,9,0.09083160284185254,shape & extent,#f37058,s1
floral,floral,Visual,4.80952381,1.523809524,0.142857143,1.35,3.80952381,0.401064047,2,1.5543122344752192e-15,5,2.8544613117631457e-7,multimodal,#f37058,s1
flowery,flowery,Visual,4.428571429,1.857142857,0,0.571428571,3.904761905,0.411504425,2,1.2467804566540508e-12,5,7.07956838708057e-8,multimodal,#f37058,s1
fluffy,fluffy,Haptic,4.047619048,4.571428571,0.333333333,1.095238095,0.333333333,0.408256881,1,0.28870399829616844,12,0.13542787830914904,gross surface,#f79038,s2
foamy,foamy,Visual,4.523809524,3.666666667,0.285714286,1.19047619,0.428571429,0.419811321,1,0.427011726958185,12,0.10796460795114549,gross surface,#f79038,s2
foetid,fetid,Olfactory,2.25,1.25,0,2.25,2.25,0.28125,2,2.220446049250313e-16,3,0.16527824164219462,chemical senses,#425fac,s4
foggy,foggy,Visual,4.761904762,0.80952381,0.333333333,0.095238095,0.476190476,0.720588235,1,0.07435511967163577,8,0.0011323537038702147,pure sight,#f37058,s1
forked,forked,Visual,4.047619048,3.428571429,0.285714286,0.238095238,0.095238095,0.488235294,1,0.05713695822955989,9,0.12503099932087813,shape & extent,#f37058,s1
fragrant,fragrant,Olfactory,0.952380952,0.238095238,0.238095238,2.761904762,5,0.518134715,2,0,4,0.0046655592992326245,smell,#30b77d,s5
freezing,freezing,Haptic,3.952380952,4.761904762,0.666666667,2.095238095,0.619047619,0.342519685,2,0.024298897735381297,12,0.2923763511222479,gross surface,#f79038,s2
fresh,fresh,Olfactory,3.952380952,2.428571429,1,4.095238095,4.523809524,0.220238095,2,0,6,0.29113990398941403,taste,#425fac,s4
frosty,frosty,Visual,4.047619048,3.761904762,1.047619048,0.952380952,0.857142857,0.299107143,1,0.2551743543261099,12,0.07451229139325999,gross surface,#f79038,s2
fruity,fruity,Gustatory,3.238095238,0.904761905,0.238095238,4.761904762,4.428571429,0.333333333,2,0,6,0.01174049846102232,taste,#425fac,s4
fuzzy,fuzzy,Visual,3.666666667,3.047619048,1.571428571,0.285714286,0,0.427777778,1,0.07160596740586311,1,0.008183912396359516,motion & touch,#f37058,s1
gamy,gamy,Haptic,2.785714286,2.785714286,0.428571429,2.214285714,2.071428571,0.229166667,2,2.1161294938565334e-11,5,5.046785424439593e-4,multimodal,#f37058,s1
garlicky,garlicky,Gustatory,2.142857143,0.142857143,0.142857143,4.952380952,4.428571429,0.407258065,2,0,3,0.0764907609743607,chemical senses,#425fac,s4
gigantic,gigantic,Visual,4.714285714,3.285714286,1.380952381,0.142857143,0.19047619,0.470588235,1,0.08589034817830599,1,0.012448431827806306,motion & touch,#f37058,s1
giggling,giggling,Auditory,3.952380952,0.571428571,4.714285714,0,0,0.510309278,3,1.8676615820600873e-4,11,1.8173997197745706e-4,sound 2,#efbe1b,s3
glamorous,glamorous,Visual,4.666666667,1.571428571,1.714285714,0.238095238,1.238095238,0.46969697,1,0.08020331743918652,7,0.0288151265132518,impression-related,#f37058,s1
gleaming,gleaming,Visual,4.571428571,0.761904762,0.523809524,0.238095238,0.619047619,0.645390071,1,0.11309549143770514,8,0.05218655177955045,pure sight,#f37058,s1
glistening,glistening,Visual,4.380952381,0.619047619,0.952380952,0.142857143,0.19047619,0.674242424,1,0.06097593940818469,8,0.0496691617703926,pure sight,#f37058,s1
glittery,glittery,Visual,4.666666667,2,0.761904762,0.047619048,0.095238095,0.610062893,1,0.05365513977446146,1,0.39073879867523986,motion & touch,#f37058,s1
globular,globular,Visual,4.444444444,3.166666667,0.777777778,0.888888889,0.333333333,0.427745665,1,0.09757205693095572,12,0.05739410736299233,gross surface,#f79038,s2
glossy,glossy,Visual,4.80952381,3.761904762,0.380952381,0.476190476,0.333333333,0.458536585,1,0.09027357185699736,12,0.12601265164093822,gross surface,#f79038,s2
glowing,glowing,Visual,4.571428571,0.523809524,0.428571429,0.142857143,0.285714286,0.744,1,0.06791404120794442,8,4.009268556721679e-4,pure sight,#f37058,s1
gold,gold,Visual,4.523809524,1.047619048,0.142857143,0.142857143,0.238095238,0.71875,1,0.06975952474393043,8,0.005163000425244091,pure sight,#f37058,s1
gooey,gooey,Haptic,4.238095238,4.666666667,1.571428571,2.619047619,0.714285714,0.286206897,2,0.03369284916468562,12,0.06526964899775578,gross surface,#f79038,s2
gorgeous,gorgeous,Visual,4.904761905,2.19047619,1.476190476,2.523809524,2.857142857,0.245733788,2,5.441735950739712e-11,5,1.199040866595169e-14,multimodal,#f37058,s1
grainy,grainy,Haptic,3.428571429,4.19047619,1.238095238,2.333333333,0.476190476,0.318367347,2,0.04565092330510934,12,0.07668621098690687,gross surface,#f79038,s2
grassy,grassy,Visual,4.619047619,3.238095238,0.2,0.333333333,3,0.387959866,2,1.1885987992843461e-5,5,3.0389916361173164e-8,multimodal,#f37058,s1
greasy,greasy,Haptic,3.761904762,3.952380952,0.19047619,3.80952381,2.333333333,0.26779661,2,0,5,1.2657009909533556e-4,multimodal,#f37058,s1
green,green,Visual,4.952380952,0.380952381,0.238095238,0.523809524,0.714285714,0.692307692,1,0.32614580911803237,7,0.03437216314794844,impression-related,#f37058,s1
grey,gray,Visual,4.761904762,0.047619048,0.380952381,0.095238095,0.285714286,0.846153846,1,0.0686177222490073,8,1.1814364180906534e-4,pure sight,#f37058,s1
gritty,gritty,Haptic,3.476190476,4.333333333,1.857142857,1.857142857,0.19047619,0.353658537,1,0.14415375774981076,12,0.012952800523238106,gross surface,#f79038,s2
groaning,groaning,Auditory,2.142857143,0.142857143,4.476190476,0,0.047619048,0.657342657,3,2.2644959973838752e-7,10,0.017798714449891784,sound 1,#efbe1b,s3
grotesque,grotesque,Visual,4.380952381,2.857142857,1.761904762,2.761904762,3,0.177419355,2,2.133848653329551e-12,5,5.841993555577574e-13,multimodal,#f37058,s1
growling,growling,Auditory,3.047619048,0.19047619,4.619047619,0.095238095,0.19047619,0.555555556,3,2.9361158199181503e-6,10,0.05310061496058116,sound 1,#efbe1b,s3
grubby,grubby,Visual,4.666666667,2.333333333,0.142857143,0.19047619,2.142857143,0.477386935,2,0.010972710292557308,5,4.447053394945888e-4,multimodal,#f37058,s1
gurgling,gurgling,Auditory,3.238095238,0.714285714,4.380952381,0.476190476,0.523809524,0.418367347,3,1.7414591096154286e-4,11,0.06762154468072401,sound 2,#efbe1b,s3
hairy,hairy,Visual,4.476190476,4.428571429,0.19047619,0.19047619,0.19047619,0.452261307,1,0.08641092628892788,9,0.07598568636104497,shape & extent,#f37058,s1
handsome,handsome,Visual,4.952380952,1.428571429,0.904761905,0.333333333,1.380952381,0.513227513,1,0.29269859846881896,7,0.07089560580766918,impression-related,#f37058,s1
happy,happy,Visual,4.333333333,1.238095238,3.619047619,1.142857143,1.285714286,0.274590164,1,0.16381860999343278,7,0.018790531729906412,impression-related,#f37058,s1
hard,hard,Haptic,3.904761905,4.714285714,1.285714286,1,0.095238095,0.41991342,1,0.05765191501712963,12,0.001982212589937915,gross surface,#f79038,s2
harsh,harsh,Auditory,3.19047619,2.523809524,3.333333333,2.285714286,1.80952381,0.115942029,2,0.0026123825820966173,5,8.863418319737804e-6,multimodal,#f37058,s1
hazy,hazy,Visual,4.380952381,0.142857143,0.952380952,0,0.476190476,0.736,1,0.07623754049326714,8,0.03265446278342943,pure sight,#f37058,s1
heavy,heavy,Haptic,3.523809524,3.904761905,1.714285714,0.571428571,0.238095238,0.368421053,1,0.051002896220979754,12,0.023877750302365608,gross surface,#f79038,s2
herby,herby,Gustatory,2.80952381,0.761904762,0.047619048,4.80952381,4.142857143,0.378787879,2,0,6,0.10163310818010207,taste,#425fac,s4
high,high,Visual,4.380952381,2.285714286,2.476190476,0.285714286,0.285714286,0.421568627,1,0.14873030206424487,1,0.030325687619753516,motion & touch,#f37058,s1
hissing,hissing,Auditory,2.095238095,0.333333333,4.523809524,0.047619048,0.047619048,0.635135135,3,2.648880568223433e-7,10,0.026210153172310013,sound 1,#efbe1b,s3
hoarse,hoarse,Auditory,1.55,1.45,3.9,0.35,0.15,0.506756757,3,1.651714635042545e-5,11,9.81327379861896e-4,sound 2,#efbe1b,s3
hollow,hollow,Visual,4.380952381,4.142857143,3.857142857,0.571428571,0.095238095,0.328467153,2,0.12567652004340846,12,0.009663082979696092,gross surface,#f79038,s2
honeyed,honeyed,Gustatory,3.047619048,1.333333333,0.333333333,4.095238095,3.571428571,0.303846154,2,0,6,0.04260956415396133,taste,#425fac,s4
hot,hot,Haptic,3.333333333,4.857142857,1.047619048,4.428571429,1.666666667,0.248447205,2,0,5,1.7987132886454482e-4,multimodal,#f37058,s1
howling,howling,Auditory,2.80952381,0.142857143,4.952380952,0.142857143,0.142857143,0.587209302,3,5.201368055152145e-7,10,0.010989979070840317,sound 1,#efbe1b,s3
huge,huge,Visual,4.95,3.714285714,1.428571429,0.380952381,0.333333333,0.427186605,1,0.07229630520503649,12,0.32939594983653886,gross surface,#f79038,s2
humid,humid,Haptic,1.761904762,3.285714286,0.238095238,0.476190476,1.428571429,0.42384106,2,0.0026498396559191395,2,0.09462864489692224,skin & temperature,#f79038,s2
hushed,hushed,Auditory,1.80952381,0.142857143,4.380952381,0,0.047619048,0.686567164,3,1.3195286163725228e-7,10,0.043445469542807924,sound 1,#efbe1b,s3
husky,husky,Auditory,1.285714286,0.571428571,4.619047619,0.333333333,0.714285714,0.569620253,3,1.1886906671199071e-6,11,8.664195271980146e-4,sound 2,#efbe1b,s3
icy,icy,Visual,4.523809524,4.428571429,1.238095238,1.904761905,0.619047619,0.307116105,2,0.4038835847445239,12,0.007747775978783733,gross surface,#f79038,s2
immense,immense,Visual,4,2.095238095,2.333333333,1.619047619,1.666666667,0.203252033,2,0.041391185321073776,5,0.010119957458389894,multimodal,#f37058,s1
insipid,insipid,Visual,1.714285714,0.428571429,0.285714286,0.857142857,1.428571429,0.303030303,2,2.3966399398389626e-6,3,0.031034586152153598,chemical senses,#425fac,s4
itchy,itchy,Haptic,3.142857143,4.80952381,1.285714286,0.333333333,0.285714286,0.458937198,1,0.04919794225249963,1,0.11857512285046712,motion & touch,#f37058,s1
jagged,jagged,Haptic,4.714285714,4.761904762,0.619047619,0.476190476,0.238095238,0.418502203,1,0.09512733880403634,12,0.08710547819331649,gross surface,#f79038,s2
jammy,jammy,Gustatory,3.333333333,1.523809524,0.238095238,4.714285714,2.476190476,0.364341085,2,0,6,0.036534715418685915,taste,#425fac,s4
jingling,jingling,Auditory,2.95,1.1,4.95,0.15,0.15,0.516129032,3,7.025119731163265e-6,11,1.1908126631532401e-4,sound 2,#efbe1b,s3
juicy,juicy,Gustatory,3.619047619,2.19047619,1.428571429,4.857142857,2.80952381,0.230031949,2,0,6,0.40333565071477295,taste,#425fac,s4
khaki,khaki,Visual,4.95,0.55,0.3,0.1,0.25,0.788617886,1,0.05709623105971884,8,7.002716397480624e-4,pure sight,#f37058,s1
large,large,Visual,4.857142857,4.19047619,1.476190476,0.571428571,0.380952381,0.390041494,1,0.0676295517389478,12,0.002079952303421395,gross surface,#f79038,s2
laughing,laughing,Auditory,4.333333333,0.55,4.714285714,0.047619048,0.047619048,0.481454188,3,8.26206363537918e-4,11,4.3261623571444474e-4,sound 2,#efbe1b,s3
leathery,leathery,Haptic,4.142857143,4.571428571,0.523809524,0.380952381,2.857142857,0.335877863,2,1.7672165405002715e-4,5,6.431091489234042e-6,multimodal,#f37058,s1
lemony,lemony,Gustatory,2.904761905,0.714285714,0,4.952380952,3.714285714,0.403100775,2,0,6,0.08247243294779294,taste,#425fac,s4
light,light,Visual,4.142857143,2.380952381,1,1.571428571,1,0.311320755,2,0.05021324157543683,5,0.2168010564147247,multimodal,#f37058,s1
lilting,lilting,Visual,2.545454545,1.416666667,2.272727273,0.363636364,0.545454545,0.305408271,1,0.26654980080314183,7,0.011383743463926121,impression-related,#f37058,s1
lithe,lithe,Visual,4.166666667,3,0,0.166666667,0.166666667,0.555555556,1,0.06771065841043766,9,0.22854082749930305,shape & extent,#f37058,s1
little,little,Visual,4.666666667,3.238095238,0.380952381,0.095238095,0,0.556818182,1,0.0652878240220609,9,0.0056235128575470306,shape & extent,#f37058,s1
long,long,Visual,4.761904762,3.904761905,0.714285714,0,0,0.507614213,1,0.11426867345037817,9,0.03664161298343205,shape & extent,#f37058,s1
loose,loose,Visual,4.142857143,3.80952381,0.380952381,0.047619048,0.142857143,0.480446927,1,0.05828810385841532,9,0.06046920151761992,shape & extent,#f37058,s1
loud,loud,Auditory,1.571428571,0.238095238,4.952380952,0.238095238,0.095238095,0.684563758,3,2.683718003382296e-8,10,0.08738294502020172,sound 1,#efbe1b,s3
low,low,Visual,4.285714286,2.523809524,1.904761905,0.142857143,0.142857143,0.46031746,1,0.11574181280423312,1,0.0010476613260216316,motion & touch,#f37058,s1
lukewarm,lukewarm,Haptic,0.714285714,4.714285714,0.238095238,2.571428571,0.714285714,0.5,2,1.4984460561251467e-8,2,9.356788362890889e-6,skin & temperature,#f79038,s2
lumpy,lumpy,Haptic,4.428571429,4.476190476,0.714285714,2.523809524,0.285714286,0.337164751,2,0.029773132819564174,12,0.13378353388407105,gross surface,#f79038,s2
lush,lush,Visual,4.047619048,3,0.857142857,2.952380952,3,0.23024055,2,0,5,3.2015776696425746e-9,multimodal,#f37058,s1
malty,malty,Gustatory,1.842105263,0.789473684,0,3.842105263,2.736842105,0.417142857,2,0,3,8.914868081265626e-4,chemical senses,#425fac,s4
meaty,meaty,Gustatory,3.761904762,1.619047619,0.095238095,4.80952381,3.285714286,0.347368421,2,0,6,0.00522261424017445,taste,#425fac,s4
medicinal,medicinal,Visual,3.2,0.75,0.6,2.45,2.35,0.278074866,2,1.176836406102666e-14,5,0.010567225576508354,multimodal,#f37058,s1
mellow,mellow,Visual,3.142857143,0.428571429,2.714285714,1.047619048,0.80952381,0.333333333,2,0.45690464384812746,7,0.013820400238065522,impression-related,#f37058,s1
melodious,melodious,Auditory,0.842105263,0.526315789,4.842105263,0.368421053,0.368421053,0.643939394,3,5.7287148580442704e-8,11,3.883493554623918e-6,sound 2,#efbe1b,s3
melted,melted,Visual,4.857142857,3.857142857,0.857142857,2.714285714,1.571428571,0.288659794,2,9.603862114460071e-7,5,0.016716248154083346,multimodal,#f37058,s1
meowing,meowing,Auditory,2.571428571,0.19047619,4.952380952,0.095238095,0.380952381,0.593023256,3,3.4031817042201595e-7,11,0.011136982042443622,sound 2,#efbe1b,s3
metal,metal,Visual,4.523809524,4.238095238,2.666666667,1.285714286,1.238095238,0.235494881,1,0.08794726118970508,5,0.37996384914061676,multimodal,#f37058,s1
mild,mild,Gustatory,2.19047619,1.380952381,1.761904762,3.619047619,2.619047619,0.193415638,2,0,5,2.4555417139049407e-4,multimodal,#f37058,s1
miniature,miniature,Visual,4.571428571,3.333333333,0.428571429,0.142857143,0.19047619,0.510989011,1,0.059646857138616394,9,0.05995361031851065,shape & extent,#f37058,s1
minty,minty,Gustatory,1.714285714,0.142857143,0,4.952380952,3.952380952,0.460176991,2,0,3,0.02534253076042914,chemical senses,#425fac,s4
misty,misty,Visual,4.714285714,1.095238095,0.571428571,0.476190476,0.952380952,0.542682927,1,0.30352368676065267,7,0.012602526754237786,impression-related,#f37058,s1
moaning,moaning,Auditory,3,0.19047619,4.952380952,0.142857143,0.142857143,0.570621469,3,1.0455763824746e-6,10,0.011406172019159388,sound 1,#efbe1b,s3
moist,moist,Haptic,3.666666667,4.380952381,1.428571429,2.857142857,1.714285714,0.210169492,2,2.1048797915756978e-7,5,1.5058567069958784e-6,multimodal,#f37058,s1
motionless,motionless,Visual,4.571428571,2.523809524,1.714285714,0,0.047619048,0.516129032,1,0.16528900647523037,1,0.002354101519974394,motion & touch,#f37058,s1
mottled,mottled,Visual,4.363636364,1.333333333,0.636363636,0.636363636,0.727272727,0.484251969,1,0.27494216103356584,7,0.018459839078606932,impression-related,#f37058,s1
mouldy,moldy,Visual,4.380952381,1.80952381,0.047619048,3,3.476190476,0.34082397,2,0,5,2.6707224973776533e-6,multimodal,#f37058,s1
muddy,muddy,Visual,4.523809524,3.523809524,1.380952381,0.761904762,2.238095238,0.302681992,2,0.045051241081718874,5,6.83027571424244e-6,multimodal,#f37058,s1
muffled,muffled,Auditory,1.380952381,0.428571429,4.476190476,0.333333333,0.333333333,0.595890411,3,3.8541838032202236e-7,11,9.080932488414462e-6,sound 2,#efbe1b,s3
muggy,muggy,Visual,3.176470588,1.352941176,0.764705882,0.647058824,1.588235294,0.3359375,2,0.006578399453384787,5,0.45452411757968036,multimodal,#f37058,s1
mumbling,mumbling,Auditory,1.904761905,0.238095238,4.904761905,0.095238095,0.142857143,0.660130719,3,5.589729901167573e-8,10,0.0021657359901504636,sound 1,#efbe1b,s3
murky,murky,Visual,4.380952381,0.857142857,0.571428571,0.428571429,1.571428571,0.506097561,2,0.08479621847769503,7,0.3208646292588143,impression-related,#f37058,s1
murmuring,murmuring,Auditory,2.19047619,0.238095238,4.857142857,0.095238095,0.142857143,0.632911392,3,1.3209032745375993e-7,10,0.0026012621145020676,sound 1,#efbe1b,s3
mushroomy,mushroomy,Gustatory,3.857142857,1.761904762,0.047619048,4.761904762,3,0.35106383,2,0,6,0.015793116582160205,taste,#425fac,s4
mushy,mushy,Haptic,3.857142857,4.428571429,1.904761905,3.238095238,0.523809524,0.279863481,2,0.005334781475924255,12,0.2391574942713368,gross surface,#f79038,s2
musky,musky,Olfactory,1.947368421,0.157894737,0.368421053,2.052631579,4.263157895,0.467065868,2,0,4,0.19022552894652767,smell,#30b77d,s5
musty,musty,Olfactory,3.210526316,0.631578947,0.473684211,1.736842105,4.315789474,0.370558376,2,0,5,0.2186105661044122,multimodal,#f37058,s1
mute,mute,Auditory,1.523809524,0.095238095,4.952380952,0,0,0.753623188,3,1.1683696121700393e-8,10,0.004838410597849285,sound 1,#efbe1b,s3
muttering,muttering,Auditory,2.619047619,0.19047619,4.80952381,0.095238095,0.142857143,0.6,3,4.5313787444545284e-7,10,0.0038178632737790874,sound 1,#efbe1b,s3
narrow,narrow,Visual,4.857142857,3.095238095,0.523809524,0.095238095,0.095238095,0.549450549,1,0.06623800639611643,9,0.0297778616094182,shape & extent,#f37058,s1
noisy,noisy,Auditory,1.666666667,0.285714286,4.952380952,0.047619048,0.047619048,0.700680272,3,2.5050321816877386e-8,10,0.0014749810492035165,sound 1,#efbe1b,s3
noxious,noxious,Olfactory,2.454545455,0.272727273,0.818181818,2.181818182,3.1,0.320288363,2,0,5,0.004291357379286986,multimodal,#f37058,s1
nutty,nutty,Gustatory,3.571428571,1.476190476,0.333333333,4.952380952,3,0.346428571,2,0,6,0.007763459700919406,taste,#425fac,s4
odorous,odorous,Olfactory,1.142857143,0.19047619,0.285714286,1.857142857,4.952380952,0.564971751,2,0,4,2.6937678480376537e-4,smell,#30b77d,s5
oily,oily,Visual,3.904761905,3.619047619,0.238095238,3.333333333,2,0.28,2,1.9984014443252818e-15,5,0.002020873273345547,multimodal,#f37058,s1
oniony,oniony,Gustatory,3.428571429,1.238095238,0.19047619,4.952380952,4.523809524,0.332225914,2,0,6,0.002586416598914898,taste,#425fac,s4
open,open,Visual,4.761904762,3.428571429,1.333333333,0.095238095,0.19047619,0.475728155,1,0.09590133125005629,1,0.021432320867793675,motion & touch,#f37058,s1
orange,orange,Visual,4.619047619,1.142857143,0.095238095,2.80952381,2.333333333,0.411255411,2,1.3322676295501878e-15,5,1.7969800920947243e-5,multimodal,#f37058,s1
orangey,orangey,Gustatory,4.238095238,1.571428571,0.380952381,4.333333333,3.761904762,0.276666667,2,0,6,0.01269184565394399,taste,#425fac,s4
oval,oval,Visual,4.619047619,3.952380952,0.047619048,0.285714286,0.19047619,0.502617801,1,0.09095762725294776,9,0.1272841665163541,shape & extent,#f37058,s1
painful,painful,Haptic,3.857142857,4.619047619,3.333333333,0.80952381,0.761904762,0.288256228,1,0.07703983872881193,12,0.010001631306759018,gross surface,#f79038,s2
palatable,palatable,Gustatory,3.470588235,0.764705882,0.235294118,4.823529412,3.647058824,0.354545455,2,0,6,0.006788586806370067,taste,#425fac,s4
pale,pale,Visual,4.952380952,0.285714286,0.238095238,0.333333333,0.095238095,0.822580645,1,0.06628246879835231,8,6.02428341815564e-4,pure sight,#f37058,s1
patterned,patterned,Visual,4.904761905,1.714285714,0.333333333,0.047619048,0.095238095,0.684563758,1,0.05065076500021837,9,0.4937472953639349,shape & extent,#f37058,s1
peachy,peachy,Gustatory,3.238095238,2.142857143,0.047619048,3.619047619,3.047619048,0.295275591,2,0,5,0.018193436965677767,multimodal,#f37058,s1
peppery,peppery,Gustatory,2.666666667,0.333333333,0.095238095,4.952380952,3.523809524,0.419753086,2,0,3,0.490862848364538,chemical senses,#425fac,s4
perfumed,perfumed,Olfactory,0.476190476,0.19047619,0.095238095,2.285714286,4.904761905,0.604790419,2,0,4,7.048428024186704e-4,smell,#30b77d,s5
petite,petite,Visual,4.523809524,2.714285714,0.285714286,0,0,0.601265823,1,0.05544923066738128,9,0.008583407192373937,shape & extent,#f37058,s1
pink,pink,Visual,4.476190476,0.333333333,0.142857143,0.333333333,0.19047619,0.791304348,1,0.10855786498997144,8,6.651862065305547e-4,pure sight,#f37058,s1
plain,plain,Visual,4.285714286,1.19047619,0.571428571,3.238095238,1.095238095,0.357798165,2,1.1855287862516661e-9,5,2.314179117113291e-6,multimodal,#f37058,s1
plastic,plastic,Visual,4.333333333,4.285714286,1.476190476,0.952380952,1.619047619,0.266917293,2,0.40885972168381113,5,0.0021973710197066287,multimodal,#f37058,s1
polished,polished,Visual,4.666666667,3.476190476,0.428571429,0,1.857142857,0.447488584,2,0.3789402395311995,5,0.015837297336127598,multimodal,#f37058,s1
popping,popping,Auditory,3.523809524,1.571428571,4.19047619,0.476190476,0.476190476,0.362790698,3,0.006061288050803859,11,0.2776666726618593,sound 2,#efbe1b,s3
portly,portly,Visual,4,2.25,0.333333333,0.833333333,0.916666667,0.44,2,0.22246715745200807,7,0.09428321837777653,impression-related,#f37058,s1
prickly,prickly,Haptic,4.142857143,4.904761905,1.19047619,0.952380952,0.285714286,0.402489627,1,0.07136900445506333,12,0.0012895675174093846,gross surface,#f79038,s2
puffy,puffy,Visual,4.142857143,3.571428571,0.80952381,0.571428571,0.428571429,0.39,1,0.07214891462935857,12,0.021607045876508857,gross surface,#f79038,s2
pulsing,pulsing,Haptic,4.142857143,4.476190476,3.428571429,0.047619048,0.19047619,0.360465116,2,0.07767768016737242,1,0.1937254668064986,motion & touch,#f37058,s1
pungent,pungent,Olfactory,1.526315789,0.315789474,0.210526316,2.210526316,4.842105263,0.50867052,2,0,4,0.011483896031106555,smell,#30b77d,s5
puny,puny,Visual,4.470588235,2.647058824,0.647058824,0.411764706,0.294117647,0.493055556,1,0.05852868166977865,1,0.11544983454997448,motion & touch,#f37058,s1
purple,purple,Visual,5,0.047619048,0.19047619,0.142857143,0.095238095,0.904347826,1,0.05818648526316794,8,6.60884802086148e-4,pure sight,#f37058,s1
purring,purring,Auditory,2.238095238,0.857142857,4.857142857,0.047619048,0.095238095,0.594117647,3,4.6743659032344453e-7,11,1.0570496760120562e-5,sound 2,#efbe1b,s3
putrid,putrid,Olfactory,2.421052632,0.631578947,0.368421053,3.315789474,3.894736842,0.331683168,2,0,3,0.0036080978343762116,chemical senses,#425fac,s4
quiet,quiet,Auditory,2.095238095,0.095238095,4.952380952,0.047619048,0.095238095,0.673202614,3,5.573697547944789e-8,10,0.0021693133810331,sound 1,#efbe1b,s3
radiant,radiant,Visual,4.380952381,0.80952381,1.285714286,0.428571429,1,0.5,1,0.18101014138238858,7,0.012110041082884604,impression-related,#f37058,s1
rancid,rancid,Olfactory,3.095238095,1.571428571,0.857142857,3.238095238,4.19047619,0.257352941,2,0,5,4.5633417729173953e-4,multimodal,#f37058,s1
raspy,raspy,Auditory,2,1.176470588,3.647058824,0.529411765,0.647058824,0.389705882,3,0.0036431708136522856,7,0.05859223269207281,impression-related,#f37058,s1
raucous,raucous,Auditory,3.230769231,0.153846154,4.538461538,0.230769231,0.307692308,0.518181818,3,8.59200527014714e-6,11,0.001083655215104895,sound 2,#efbe1b,s3
rectangular,rectangular,Visual,4.80952381,3.952380952,0,0.095238095,0,0.543010753,1,0.0948619964014914,9,0.006979375368574292,shape & extent,#f37058,s1
red,red,Visual,4.714285714,0.095238095,0.19047619,0.285714286,0.285714286,0.829059829,1,0.10487241489867494,8,1.3199916154038593e-4,pure sight,#f37058,s1
reddish,reddish,Visual,4.7,0.15,0.1,0.2,0.2,0.859813084,1,0.08487746471358493,8,2.3031929967864961e-4,pure sight,#f37058,s1
reeking,reeking,Olfactory,1.368421053,0.157894737,0.105263158,2.052631579,4.947368421,0.56097561,2,0,4,8.518209288439493e-4,smell,#30b77d,s5
resounding,resounding,Auditory,1.833333333,0.444444444,3.833333333,0.055555556,0.055555556,0.607142857,3,1.9376083837396862e-6,11,4.029775313838524e-4,sound 2,#efbe1b,s3
reverberating,reverberating,Auditory,2.153846154,2.307692308,3.307692308,0,0,0.425742574,3,0.0013752160470426045,1,0.01959104903697584,motion & touch,#f37058,s1
rhythmic,rhythmic,Auditory,2.476190476,1.333333333,4.619047619,0,0.095238095,0.541899441,3,5.086908102414078e-6,11,5.319084365373872e-5,sound 2,#efbe1b,s3
ripe,ripe,Gustatory,4.142857143,3.380952381,0.095238095,4.523809524,3.666666667,0.280120482,2,0,6,0.39316844259236405,taste,#425fac,s4
rippled,rippled,Visual,4.25,3.9,2,0.5,0.25,0.366972477,1,0.07346239830804635,12,0.03577023885450714,gross surface,#f79038,s2
rippling,rippling,Visual,4.631578947,3.473684211,3,0.894736842,0.368421053,0.344680851,1,0.10031511688111217,12,0.02085642044872582,gross surface,#f79038,s2
roasted,roasted,Gustatory,4.19047619,1.761904762,1.333333333,4.428571429,3.857142857,0.198776758,2,0,6,0.08173837385795468,taste,#425fac,s4
roasting,roasting,Visual,4.047619048,2.333333333,1.476190476,3.333333333,3.80952381,0.171428571,2,0,5,1.5077185396727977e-5,multimodal,#f37058,s1
rotten,rotten,Visual,4.095238095,2.571428571,0.19047619,3.285714286,3.952380952,0.277027027,2,0,5,7.779291741527583e-5,multimodal,#f37058,s1
rotund,rotund,Visual,3.9,2.7,0.2,0.1,0,0.565217391,1,0.051172161047555176,9,0.20212047877894856,shape & extent,#f37058,s1
rough,rough,Haptic,4.047619048,4.904761905,2.285714286,1.619047619,0.714285714,0.30877193000000003,1,0.10171622735877284,12,0.009295594496172899,gross surface,#f79038,s2
round,round,Visual,4.476190476,4.380952381,0.238095238,0.19047619,0,0.482051282,1,0.08482868782508912,9,0.010112851673661827,shape & extent,#f37058,s1
rubbery,rubbery,Haptic,3.619047619,4.5,1.142857143,2.142857143,2.142857143,0.247803163,2,3.9674369700648526e-7,5,2.6222252987651018e-5,multimodal,#f37058,s1
rumbling,rumbling,Auditory,2.476190476,1.666666667,4.238095238,0.2,0.238095238,0.457883369,3,5.466447191670998e-5,11,0.0010722913366006948,sound 2,#efbe1b,s3
rustling,rustling,Auditory,3.047619048,2.523809524,4.666666667,0.2,0.55,0.406500542,3,9.636658614103899e-4,11,0.038935844687959964,sound 2,#efbe1b,s3
rusty,rusty,Visual,4.285714286,3,1.142857143,0.666666667,1.571428571,0.339285714,2,0.37611412704083247,5,0.12873325340808173,multimodal,#f37058,s1
salty,salty,Gustatory,1.857142857,0.666666667,0.047619048,4.80952381,1.714285714,0.523560209,2,0,3,6.050195963620553e-4,chemical senses,#425fac,s4
savoury,savory,Gustatory,2.666666667,0.333333333,0.19047619,5,3.523809524,0.410569106,2,0,3,0.4277103936220442,chemical senses,#425fac,s4
scaly,scaly,Haptic,4.333333333,4.428571429,0.142857143,1,0.095238095,0.433333333,1,0.18739183256741754,12,0.061852462103921035,gross surface,#f79038,s2
scented,scented,Olfactory,1,0.095238095,0.047619048,2.333333333,4.761904762,0.572254335,2,0,4,0.0046305178842042105,smell,#30b77d,s5
scentless,scentless,Olfactory,1,0.19047619,0.19047619,2.380952381,4.428571429,0.51744186,2,0,4,0.005650649429611576,smell,#30b77d,s5
scratchy,scratchy,Haptic,2.857142857,4.142857143,3.285714286,0.047619048,0.095238095,0.392694064,2,0.3866735157261396,1,0.0018653315162318052,motion & touch,#f37058,s1
scrawny,scrawny,Visual,4.761904762,2.571428571,0.666666667,0.285714286,0.285714286,0.522222222,1,0.05348132948832873,1,0.05882339132059711,motion & touch,#f37058,s1
screaming,screaming,Auditory,2.80952381,0.142857143,4.952380952,0.047619048,0.047619048,0.613095238,3,4.95754878926391e-7,10,0.0020460298751974193,sound 1,#efbe1b,s3
screeching,screeching,Auditory,2.333333333,0.333333333,4.952380952,0.095238095,0.238095238,0.610778443,3,1.9713846244329147e-7,10,0.12132749734181292,sound 1,#efbe1b,s3
searing,searing,Visual,3.666666667,1.866666667,2.2,0.466666667,0.666666667,0.360902256,1,0.08660552117490505,7,0.013919356749234058,impression-related,#f37058,s1
shadowy,shadowy,Visual,4.714285714,0.285714286,0.285714286,0.142857143,0.142857143,0.820512821,1,0.062199054534122555,8,2.97167755866079e-4,pure sight,#f37058,s1
shaggy,shaggy,Visual,4.19047619,4.095238095,0.19047619,0,0.142857143,0.486187845,1,0.06656229317626872,9,0.0422416166391939,shape & extent,#f37058,s1
shallow,shallow,Visual,4.238095238,3.333333333,1.380952381,0.285714286,0.19047619,0.429292929,1,0.058545793854463346,1,0.04061516112202401,motion & touch,#f37058,s1
sharp,sharp,Haptic,4.428571429,4.571428571,1.047619048,1.19047619,0.333333333,0.366255144,1,0.1132330698791576,12,0.0016391121507572937,gross surface,#f79038,s2
sheer,sheer,Visual,4.526315789,2.894736842,0.578947368,0,0,0.565789474,1,0.0625111417442793,9,0.02106623685914799,shape & extent,#f37058,s1
shimmering,shimmering,Visual,4.761904762,0.857142857,0.761904762,0.238095238,0.333333333,0.650684932,1,0.05651051513862315,8,0.0027862957959371437,pure sight,#f37058,s1
shiny,shiny,Visual,4.952380952,1.857142857,0.095238095,0.047619048,0.047619048,0.700680272,1,0.053704648972671354,9,0.20125817274304203,shape & extent,#f37058,s1
short,short,Visual,4.952380952,3.238095238,0.571428571,0.142857143,0.142857143,0.531578947,1,0.06942480522016603,9,0.09446958982300324,shape & extent,#f37058,s1
shrieking,shrieking,Auditory,2.714285714,0.142857143,4.952380952,0.142857143,0.142857143,0.594117647,3,3.902065813798927e-7,10,0.00964208504311126,sound 1,#efbe1b,s3
shrill,shrill,Auditory,1.526315789,0.263157895,4.789473684,0.105263158,0.105263158,0.689922481,3,3.262350256605373e-8,10,0.002739681372537328,sound 1,#efbe1b,s3
silent,silent,Auditory,1.952380952,0.142857143,5,0.095238095,0,0.695364238,3,3.6090375576947054e-8,10,0.0019663754673998612,sound 1,#efbe1b,s3
silky,silky,Haptic,3.761904762,4.904761905,0.238095238,0.380952381,0,0.528205128,1,0.07244265590578824,12,0.5755128855922591,gross surface,#f79038,s2
silver,silver,Visual,4.571428571,0.666666667,0.047619048,0.238095238,0.333333333,0.772357724,1,0.11216864144803251,8,5.120178186470703e-4,pure sight,#f37058,s1
skinny,skinny,Visual,4.904761905,4,0.380952381,0.142857143,0.19047619,0.495049505,1,0.08844476998642337,9,0.05761536745754903,shape & extent,#f37058,s1
slick,slick,Visual,3.80952381,3.523809524,1.571428571,0.142857143,0.19047619,0.396907216,1,0.07067527108404825,1,0.021122135935098707,motion & touch,#f37058,s1
slimy,slimy,Haptic,3.80952381,4.523809524,0.80952381,2.047619048,0.857142857,0.308300395,2,0.009590592369652207,12,0.4125939706400611,gross surface,#f79038,s2
slippery,slippery,Haptic,3.857142857,4.619047619,1.476190476,1.285714286,0.476190476,0.353658537,1,0.11014500745636369,12,0.0026345343181702896,gross surface,#f79038,s2
slushy,slushy,Visual,3.571428571,3.523809524,2.238095238,1.857142857,0.428571429,0.270491803,1,0.18977562234686907,12,0.055162322790572316,gross surface,#f79038,s2
small,small,Visual,4.952380952,3.666666667,0.428571429,0,0,0.547368421,1,0.10274872689617065,9,0.006943610795425048,shape & extent,#f37058,s1
smelly,smelly,Olfactory,1.380952381,0.238095238,0.333333333,1.428571429,5,0.568181818,2,0,4,0.001265848608920317,smell,#30b77d,s5
smoky,smoky,Olfactory,4.523809524,0.476190476,0.666666667,3.333333333,4.571428571,0.301754386,2,0,5,0.0012547284746857734,multimodal,#f37058,s1
smooth,smooth,Haptic,4.142857143,4.952380952,1.333333333,1.857142857,0.380952381,0.360902256,1,0.31418832430244203,12,0.003933118872499364,gross surface,#f79038,s2
snarling,snarling,Auditory,3.523809524,0.238095238,4.380952381,0,0,0.538011696,3,2.8477963338602308e-5,10,0.3387295938150483,sound 1,#efbe1b,s3
snorting,snorting,Auditory,2.8,0.3,4.65,0.35,0.35,0.514792899,3,3.2671409989637468e-6,11,3.316595406767098e-4,sound 2,#efbe1b,s3
soapy,soapy,Visual,3.80952381,3.666666667,0.666666667,1.714285714,3.19047619,0.240875912,2,4.709788115064839e-12,5,1.1890751827614565e-8,multimodal,#f37058,s1
sodden,sodden,Visual,3.666666667,3.555555556,0.388888889,0.111111111,0.722222222,0.421052632,1,0.10487131231713553,12,0.5440812882386008,gross surface,#f79038,s2
soft,soft,Haptic,4.142857143,4.952380952,1.666666667,1.333333333,0.666666667,0.335820896,1,0.12028293602999074,12,0.005059679212392365,gross surface,#f79038,s2
soggy,soggy,Haptic,3.952380952,4.285714286,1.238095238,2.047619048,1.19047619,0.243445693,2,0.006881989603587102,5,0.16107214013536242,multimodal,#f37058,s1
solid,solid,Haptic,4.571428571,4.80952381,1.857142857,1.714285714,0.19047619,0.351449275,1,0.07751288787198884,12,0.001973106194733565,gross surface,#f79038,s2
sonorous,sonorous,Auditory,0.666666667,0.888888889,4.777777778,0,0.111111111,0.74137931,3,1.2185622177973698e-8,11,1.367260249462987e-7,sound 2,#efbe1b,s3
sore,sore,Haptic,3.19047619,4.285714286,1.047619048,0.095238095,0.095238095,0.480874317,1,0.05362708045842535,1,0.010754839508743785,motion & touch,#f37058,s1
soundless,soundless,Auditory,1.714285714,0.333333333,4.428571429,0.047619048,0.047619048,0.666666667,3,1.3751276717322014e-7,10,0.06025230277223337,sound 1,#efbe1b,s3
sour,sour,Gustatory,1.19047619,0.047619048,0.142857143,4.80952381,2.714285714,0.534759358,2,0,3,3.797380733252531e-4,chemical senses,#425fac,s4
sparkly,sparkly,Visual,4.571428571,1.285714286,1.19047619,0.19047619,0.142857143,0.6,1,0.0567372817136661,1,0.20527768493912268,motion & touch,#f37058,s1
speckled,speckled,Visual,4.714285714,1.428571429,0.333333333,0.142857143,0.238095238,0.666666667,1,0.0551090866654641,8,0.03193700812625844,pure sight,#f37058,s1
spicy,spicy,Gustatory,1.666666667,0.428571429,0.333333333,5,4.238095238,0.4,2,0,3,0.020868369629766126,chemical senses,#425fac,s4
spiky,spiky,Haptic,4.523809524,4.857142857,0.666666667,0.80952381,0.142857143,0.428571429,1,0.09540056156683485,12,0.02989163438790099,gross surface,#f79038,s2
spilling,spilling,Visual,4.428571429,2.380952381,1.952380952,0.142857143,0.714285714,0.445544554,1,0.057194508170730796,7,0.028688932336309314,impression-related,#f37058,s1
spotless,spotless,Visual,5,1.761904762,0.095238095,0.1,0.80952381,0.631514408,1,0.13778455868584538,7,0.017408764597927173,impression-related,#f37058,s1
spotted,spotted,Visual,4.666666667,1.19047619,0.571428571,0.19047619,0.095238095,0.680851064,1,0.0500742460597996,8,0.020591033690699256,pure sight,#f37058,s1
square,square,Visual,4.428571429,4,0,0.047619048,0,0.52247191,1,0.07721441841796417,9,0.008183043858517425,shape & extent,#f37058,s1
squeaking,squeaking,Auditory,1.380952381,0.904761905,4.523809524,0.047619048,0.047619048,0.648275862,3,1.2199094756581985e-7,11,1.6206485368153167e-6,sound 2,#efbe1b,s3
squealing,squealing,Auditory,2.047619048,0.19047619,4.666666667,0,0,0.675862069,3,1.0719609067066926e-7,10,0.00477424139895255,sound 1,#efbe1b,s3
stagnant,stagnant,Visual,3.15,1.05,0.4,1.05,3.1,0.314285714,2,6.004752250987622e-12,5,0.04645422232883756,multimodal,#f37058,s1
stale,stale,Gustatory,3.761904762,2.714285714,0.714285714,4.714285714,3.80952381,0.254545455,2,0,6,0.02818997109624366,taste,#425fac,s4
steep,steep,Visual,4.952380952,2.571428571,0.857142857,0.095238095,0.095238095,0.566666667,1,0.06691844686564141,1,0.3105776775143333,motion & touch,#f37058,s1
stenchy,stenchy,Olfactory,1.904761905,0.19047619,0.333333333,1.523809524,4.904761905,0.532258065,2,0,4,0.0026865979687696884,smell,#30b77d,s5
sticky,sticky,Haptic,3.095238095,4.619047619,0.047619048,2.380952381,0.428571429,0.432432432,2,2.1166188701160493e-4,2,0.08284453194650265,skin & temperature,#f79038,s2
stinging,stinging,Haptic,1.761904762,4.666666667,0.380952381,0.142857143,0.047619048,0.659863946,1,0.0727864738234768,2,0.48037622807241975,skin & temperature,#f79038,s2
stinky,stinky,Olfactory,1.476190476,0.095238095,0.238095238,1.952380952,4.761904762,0.547486034,2,0,4,0.0016811687344914228,smell,#30b77d,s5
stormy,stormy,Visual,4.333333333,0.428571429,4.333333333,0.047619048,1.2,0.414364641,3,0.007442587650288046,7,9.707438956096937e-4,impression-related,#f37058,s1
straight,straight,Visual,4.904761905,4,0.19047619,0.095238095,0.047619048,0.525773196,1,0.09870650276075033,9,0.006349823909477137,shape & extent,#f37058,s1
strange,strange,Visual,4.142857143,2.523809524,3.380952381,3.476190476,3.333333333,0.096045198,2,2.6711965972481266e-13,5,5.075939668586216e-13,multimodal,#f37058,s1
striped,striped,Visual,4.523809524,0.904761905,0.285714286,0.095238095,0.047619048,0.764227642,1,0.05307144885431592,8,0.0037261294228603248,pure sight,#f37058,s1
strong,strong,Visual,3.904761905,3.714285714,1.904761905,3.285714286,3,0.126506024,2,5.995204332975845e-15,5,1.0800669247856831e-9,multimodal,#f37058,s1
sturdy,sturdy,Haptic,4.142857143,4.19047619,0.761904762,0.285714286,0.238095238,0.410891089,1,0.05811794112777868,1,0.36367277908101137,motion & touch,#f37058,s1
sunny,sunny,Visual,4.952380952,0.952380952,0.285714286,0.095238095,0.285714286,0.739130435,1,0.056193857777421474,8,0.0025149612217253425,pure sight,#f37058,s1
sweaty,sweaty,Olfactory,3.80952381,3.523809524,0.238095238,1.428571429,4.047619048,0.291970803,2,0,5,1.509903313490213e-14,multimodal,#f37058,s1
sweet,sweet,Gustatory,2.19047619,0.571428571,1.19047619,4.857142857,3.904761905,0.337078652,2,0,6,0.0018995739140932333,taste,#425fac,s4
swift,swift,Visual,4.571428571,1.238095238,2.857142857,0.095238095,0.238095238,0.497354497,1,0.4708684398130176,1,0.05112104764871428,motion & touch,#f37058,s1
swinging,swinging,Visual,4.428571429,2.666666667,1.571428571,0.095238095,0.095238095,0.489247312,1,0.0982780658599155,1,0.0012328462293427211,motion & touch,#f37058,s1
tall,tall,Visual,4.904761905,2.714285714,0.19047619,0,0,0.62804878,1,0.06470442249393482,9,0.010456686401543958,shape & extent,#f37058,s1
tangerine,tangerine,Visual,4.333333333,2.095238095,0.285714286,4.19047619,3.238095238,0.286195286,2,0,6,0.19085727861119883,taste,#425fac,s4
tangy,tangy,Gustatory,0.80952381,0.19047619,0.19047619,4.75,3.095238095,0.504611331,2,0,3,2.0326388730107503e-4,chemical senses,#425fac,s4
tapering,tapering,Visual,3.4,3,0.6,0.2,0.2,0.432432432,1,0.05704958596625043,1,0.002197686737839377,motion & touch,#f37058,s1
tarry,tarry,Visual,3.882352941,2.411764706,0,0.470588235,2.235294118,0.431372549,2,9.945282026635471e-5,5,5.7736039964617625e-5,multimodal,#f37058,s1
tart,tart,Gustatory,2.421052632,0.842105263,0.105263158,4.157894737,1.894736842,0.430167598,2,0,3,0.0081569194845037,chemical senses,#425fac,s4
tasteless,tasteless,Gustatory,1.095238095,0.19047619,0.333333333,4.333333333,3.238095238,0.450777202,2,0,3,6.999995252102709e-4,chemical senses,#425fac,s4
tasty,tasty,Gustatory,2.761904762,0.333333333,0.19047619,5,3.904761905,0.39453125,2,0,6,0.3955239991595826,taste,#425fac,s4
tender,tender,Haptic,3,3.952380952,1.619047619,2.619047619,1.238095238,0.218390805,2,4.812260314146499e-5,5,5.316534745454238e-4,multimodal,#f37058,s1
tepid,tepid,Haptic,1,3.684210526,0.315789474,1.368421053,0.473684211,0.492307692,2,0.0022011678543538693,2,3.9565120402151877e-5,skin & temperature,#f79038,s2
thorny,thorny,Haptic,4.428571429,4.904761905,0.761904762,0.761904762,0.238095238,0.420600858,1,0.0894923299618825,12,0.013149564154156912,gross surface,#f79038,s2
thudding,thudding,Auditory,2.857142857,2.238095238,4.571428571,0.047619048,0.047619048,0.463414634,3,2.2935667358325862e-4,11,0.002728280823564244,sound 2,#efbe1b,s3
thumping,thumping,Auditory,2.619047619,2.523809524,3.904761905,0.142857143,0.19047619,0.401015228,3,0.0019345500912782976,11,0.4511789930087171,sound 2,#efbe1b,s3
thunderous,thunderous,Auditory,3.142857143,0.380952381,4.523809524,0,0.380952381,0.536723164,3,8.632651187667761e-6,11,3.444088839458237e-4,sound 2,#efbe1b,s3
ticklish,ticklish,Haptic,2.666666667,4.666666667,1.095238095,0.19047619,0.142857143,0.516304348,1,0.04987936212220068,1,0.001000131492567613,motion & touch,#f37058,s1
tight,tight,Haptic,3.904761905,4.142857143,0.714285714,0,0.095238095,0.467741935,1,0.06233101375909833,1,0.45826063729959243,motion & touch,#f37058,s1
tingly,tingly,Haptic,0.9,4.8,0.5,1.15,0.4,0.567741935,2,0.06124261475370296,2,6.4792381707645674e-6,skin & temperature,#f79038,s2
tinkling,tinkling,Auditory,1.8,1.5,4.15,0,0.2,0.54248366,3,4.542015919262177e-6,11,1.652196477175405e-4,sound 2,#efbe1b,s3
tiny,tiny,Visual,4.619047619,3.333333333,0.619047619,0.238095238,0.047619048,0.516129032,1,0.06095629252625523,9,0.05285648775467955,shape & extent,#f37058,s1
tough,tough,Haptic,3.380952381,3.761904762,0.571428571,2.142857143,0.142857143,0.361904762,2,0.05715456380227646,2,0.260803891576881,skin & temperature,#f79038,s2
translucent,translucent,Visual,4.684210526,1.052631579,0.421052632,0.210526316,0.210526316,0.68,1,0.057218598226844164,8,0.004394043688132676,pure sight,#f37058,s1
transparent,transparent,Visual,4.80952381,0.619047619,0.25,0.142857143,0.142857143,0.78243513,1,0.056988400255319815,8,7.761401197612372e-4,pure sight,#f37058,s1
triangular,triangular,Visual,4.619047619,3.571428571,0.285714286,0,0,0.54494382,1,0.07442422110304747,9,0.003230964626376953,shape & extent,#f37058,s1
ugly,ugly,Visual,5,1.666666667,0.857142857,0.714285714,1.142857143,0.456852792,1,0.3773037071558232,7,0.032177613461250254,impression-related,#f37058,s1
uneven,uneven,Visual,4.571428571,4.285714286,1.523809524,0.428571429,0.428571429,0.368644068,1,0.06386428588394599,12,0.004410565838168123,gross surface,#f79038,s2
unpalatable,unpalatable,Gustatory,3.529411765,1.352941176,0.235294118,4.764705882,3.705882353,0.333333333,2,0,6,0.0015892175558224197,taste,#425fac,s4
unripe,unripe,Visual,4.142857143,3.428571429,0.285714286,3.952380952,2.666666667,0.266447368,2,0,5,0.002640647460900425,multimodal,#f37058,s1
vegetal,vegetal,Visual,3.909090909,1.454545455,0.181818182,3.272727273,2.6,0.326433121,2,0,5,0.0011282220553339162,multimodal,#f37058,s1
vinegary,vinegary,Gustatory,1.761904762,0.380952381,0,4.952380952,4.19047619,0.438818565,2,0,3,0.03425155966120408,chemical senses,#425fac,s4
vivid,vivid,Visual,4.523809524,1.19047619,2.523809524,1.714285714,1.619047619,0.288065844,2,0.06657651591812808,5,0.031166947378243215,multimodal,#f37058,s1
wailing,wailing,Auditory,2.85,0.25,4.95,0.15,0.1,0.584337349,3,7.356204547726009e-7,10,0.007733712392127834,sound 1,#efbe1b,s3
warbling,warbling,Auditory,1.9375,0.8125,3.9375,0.25,0.25,0.513043478,3,1.0953993756834812e-5,11,4.181805905294489e-4,sound 2,#efbe1b,s3
warm,warm,Haptic,2.380952381,4.80952381,0.619047619,2.857142857,1.142857143,0.35483871,2,2.1531941563068813e-8,2,0.0282374356310241,skin & temperature,#f79038,s2
waxy,waxy,Haptic,4,4.666666667,0.619047619,1.619047619,2.142857143,0.310218978,2,5.287340623771897e-6,5,0.010629302906500437,multimodal,#f37058,s1
weak,weak,Visual,3.666666667,3.19047619,1.857142857,2.142857143,1.428571429,0.182170543,2,0.0022356929651322632,5,1.7036670861736436e-4,multimodal,#f37058,s1
weightless,weightless,Haptic,3.047619048,4.285714286,1.238095238,0.285714286,0.142857143,0.46031746,1,0.050360135459906696,1,0.010807166130619383,motion & touch,#f37058,s1
wet,wet,Haptic,4.333333333,4.666666667,1.857142857,1.714285714,1.80952381,0.205298013,2,0.02592129115860553,5,5.319245884205515e-6,multimodal,#f37058,s1
whiffy,whiffy,Olfactory,0.95,0.2,0.3,1.5,4.9,0.598726115,2,0,4,3.064454078139933e-4,smell,#30b77d,s5
whimpering,whimpering,Auditory,3.142857143,0.380952381,4.80952381,0.047619048,0.19047619,0.555555556,3,3.5435646976722524e-6,10,0.24511367085924418,sound 1,#efbe1b,s3
whining,whining,Auditory,2.476190476,0.142857143,4.857142857,0.095238095,0.095238095,0.621118012,3,2.3204880961191776e-7,10,0.0021225402388177494,sound 1,#efbe1b,s3
whispering,whispering,Auditory,2.428571429,0.238095238,4.666666667,0.047619048,0.095238095,0.617834395,3,3.8790722467485494e-7,10,0.0031137716307994,sound 1,#efbe1b,s3
whistling,whistling,Auditory,2.047619048,0.285714286,4.952380952,0.095238095,0.095238095,0.649681529,3,7.293862935853213e-8,10,0.0019717231536379165,sound 1,#efbe1b,s3
white,white,Visual,4.571428571,0.095238095,0.238095238,0.1,0.142857143,0.869565217,1,0.0691265192131656,8,2.9405772846302636e-4,pure sight,#f37058,s1
wide,wide,Visual,4.80952381,3.666666667,0.476190476,0.285714286,0.142857143,0.497461929,1,0.07127600280081103,9,0.08100929793162226,shape & extent,#f37058,s1
wiry,wiry,Visual,4.19047619,4.095238095,1.047619048,0.761904762,0.285714286,0.376146789,1,0.06244506553227802,12,0.0019444661634195892,gross surface,#f79038,s2
wispy,wispy,Visual,4.210526316,3.263157895,1.631578947,0.894736842,0.263157895,0.384615385,1,0.05044807817100705,12,0.020736121752351733,gross surface,#f79038,s2
wizened,wizened,Visual,3.1,0.8,2.9,0.1,0.3,0.416666667,3,0.03590299576234879,1,0.18483892308015093,motion & touch,#f37058,s1
woolly,woolly,Haptic,4.285714286,4.428571429,0.142857143,0.142857143,0.142857143,0.46875,1,0.07915826249539903,9,0.050317000398960365,shape & extent,#f37058,s1
yellow,yellow,Visual,4.9,0,0.15,0.05,0.05,0.951456311,1,0.055771053844448915,8,2.82507311642588e-4,pure sight,#f37058,s1
